timestamp_ms,task_name,run_count,exec_time_ms,period_ms,priority,deadline_met,jitter_ms,cpu_percent,confidence,entropy
188745935.84,T_ir_read,1,0.010,25.00,99,1,0.000,0.0,,
188745936.68,T_capture,1,0.009,60.00,70,1,0.000,0.0,,
188745938.56,T_motor_control,1,1.549,25.00,90,1,0.000,0.0,,
188745946.56,T_sched_monitor,1,9.788,40.00,80,1,0.000,0.0,,
188745953.54,T_infer,1,16.373,100.00,40,1,0.000,100.0,,
188745960.48,T_ir_read,2,0.013,25.00,99,1,0.011,27.6,,
188745961.23,T_motor_control,2,0.012,25.00,90,1,0.004,10.0,,
188745976.47,T_sched_monitor,2,0.105,40.00,80,1,0.006,8.3,,
188745985.38,T_ir_read,3,0.005,25.00,99,1,0.004,6.7,,
188745988.06,T_motor_control,3,1.655,25.00,90,1,0.002,9.1,,
188745996.50,T_capture,2,0.009,60.00,70,1,0.004,13.6,,
188746010.35,T_ir_read,4,0.008,25.00,99,1,0.007,3.6,,
188746013.30,T_motor_control,4,1.845,25.00,90,1,0.002,0.0,,
188746021.63,T_sched_monitor,3,5.063,40.00,80,1,0.005,9.5,,
188746035.41,T_ir_read,5,0.012,25.00,99,1,0.012,14.3,,
188746038.61,T_motor_control,5,2.173,25.00,90,1,0.004,9.4,,
188746053.72,T_infer,2,16.746,70.00,45,1,0.003,9.6,,
188746056.46,T_capture,3,0.007,60.00,70,1,0.004,13.6,,
188746056.60,T_sched_monitor,4,0.077,40.00,80,1,0.190,14.6,,
188746060.33,T_ir_read,6,0.004,25.00,99,1,0.004,15.2,,
188746061.14,T_motor_control,6,0.006,25.00,90,1,0.002,21.7,,
188746085.40,T_ir_read,7,0.008,25.00,99,1,0.008,1.8,,
188746088.33,T_motor_control,7,1.834,25.00,90,1,0.002,1.9,,
188746105.50,T_sched_monitor,5,8.579,40.00,80,1,0.006,1.5,,
188746110.45,T_ir_read,8,0.010,25.00,99,1,0.009,5.9,,
188746113.34,T_motor_control,8,1.986,25.00,90,1,0.004,4.8,,
188746116.49,T_capture,4,0.011,60.00,70,1,0.006,2.4,,
188746123.32,T_infer,3,16.440,60.00,50,1,0.009,2.3,,
188746135.39,T_ir_read,9,0.010,25.00,99,1,0.009,0.0,,
188746136.17,T_motor_control,9,0.010,25.00,90,1,0.004,0.0,,
188746136.46,T_sched_monitor,6,0.120,40.00,80,1,0.002,3.2,,
188746160.40,T_ir_read,10,0.010,25.00,99,1,0.011,3.3,,
188746163.11,T_motor_control,10,1.708,25.00,90,1,0.003,2.9,,
188746176.53,T_capture,5,0.008,60.00,70,1,0.002,6.0,,
188746179.65,T_sched_monitor,7,3.146,40.00,80,1,0.006,7.1,,
188746183.29,T_infer,4,16.400,60.00,55,1,0.008,5.6,,
188746185.33,T_ir_read,11,0.006,25.00,99,1,0.004,10.0,,
188746186.15,T_motor_control,11,0.007,25.00,90,1,0.002,12.5,,
188746210.63,T_ir_read,12,0.014,25.00,99,1,0.015,5.7,,
188746213.44,T_motor_control,12,1.805,25.00,90,1,0.005,5.4,,
188746216.80,T_sched_monitor,8,0.109,40.00,80,1,0.007,4.8,,
188746235.47,T_ir_read,13,0.013,25.00,99,1,0.018,8.3,,
188746236.47,T_capture,6,0.010,60.00,70,1,0.002,5.8,,
188746238.07,T_motor_control,13,1.732,25.00,90,1,0.004,6.1,,
188746243.33,T_infer,5,16.424,60.00,60,1,0.009,5.6,,
188746256.72,T_sched_monitor,9,0.167,40.00,80,1,0.012,4.2,,
188746260.39,T_ir_read,14,0.009,25.00,99,1,0.009,0.0,,
188746261.17,T_motor_control,14,0.010,25.00,90,1,0.003,0.0,,
188746285.40,T_ir_read,15,0.011,25.00,99,1,0.013,6.5,,
188746288.03,T_motor_control,15,1.560,25.00,90,1,0.003,6.7,,
188746296.91,T_capture,7,0.016,60.00,70,1,0.010,2.5,,
188746303.23,T_infer,6,16.343,60.00,65,1,0.002,6.4,,
188746303.49,T_sched_monitor,10,6.430,40.00,80,1,0.683,7.8,,
188746310.39,T_ir_read,16,0.010,25.00,99,1,0.010,8.2,,
188746311.17,T_motor_control,16,0.010,25.00,90,1,0.003,8.3,,
188746335.41,T_ir_read,17,0.010,25.00,99,1,0.012,7.7,,
188746338.52,T_motor_control,17,1.634,25.00,90,1,0.216,8.0,,
188746347.28,T_sched_monitor,11,10.591,40.00,80,1,0.005,4.4,,
188746356.66,T_capture,8,0.016,60.00,70,1,0.010,8.2,,
188746360.40,T_ir_read,18,0.011,25.00,99,1,0.010,4.3,,
188746363.47,T_motor_control,18,2.095,25.00,90,1,0.004,2.9,,
188746363.90,T_infer,7,16.752,60.00,70,1,0.011,4.8,,
188746376.54,T_sched_monitor,12,0.122,40.00,80,1,0.010,7.7,,
188746385.38,T_ir_read,19,0.007,25.00,99,1,0.007,3.4,,
188746386.18,T_motor_control,19,0.007,25.00,90,1,0.002,5.0,,
188746410.36,T_ir_read,20,0.008,25.00,99,1,0.006,1.7,,
188746413.06,T_motor_control,20,1.751,25.00,90,1,0.002,1.7,,
188746416.47,T_capture,9,0.008,60.00,70,1,0.005,3.2,,
188746421.65,T_sched_monitor,13,4.798,40.00,80,1,0.202,1.4,,
188746423.80,T_infer,8,16.921,60.00,70,1,0.008,3.6,,
188746435.42,T_ir_read,21,0.008,25.00,99,1,0.008,100.0,,
188746436.20,T_motor_control,21,0.009,25.00,90,1,0.003,100.0,,
188746456.73,T_sched_monitor,14,0.134,40.00,80,1,0.009,33.3,,
188746460.38,T_ir_read,22,0.009,25.00,99,1,0.009,11.1,,
188746463.69,T_motor_control,22,2.169,25.00,90,1,0.004,11.4,,
188746476.51,T_capture,10,0.013,60.00,70,1,0.008,15.2,,
188746483.56,T_infer,9,16.668,70.00,70,1,0.007,12.5,,
188746485.36,T_ir_read,23,0.008,25.00,99,1,0.008,5.0,,
188746486.16,T_motor_control,23,0.009,25.00,90,1,0.003,4.2,,
188746496.80,T_sched_monitor,15,0.140,40.00,80,1,0.009,2.9,,
188746510.40,T_ir_read,24,0.006,25.00,99,1,0.008,0.0,,
188746513.14,T_motor_control,24,1.707,25.00,90,1,0.002,0.0,,
188746535.36,T_ir_read,25,0.008,25.00,99,1,0.008,4.1,,
188746536.44,T_capture,11,0.008,60.00,70,1,0.002,3.4,,
188746537.98,T_motor_control,25,1.390,25.00,90,1,0.346,5.0,,
188746546.44,T_sched_monitor,16,9.812,40.00,80,1,0.179,2.8,,
188746553.41,T_infer,10,16.560,80.00,70,1,0.002,5.0,,
188746560.33,T_ir_read,26,0.005,25.00,99,1,0.005,10.5,,
188746561.14,T_motor_control,26,0.006,25.00,90,1,0.002,10.0,,
188746576.47,T_sched_monitor,17,0.110,40.00,80,1,0.008,13.2,,
188746585.35,T_ir_read,27,0.007,25.00,99,1,0.006,8.8,,
188746588.38,T_motor_control,27,1.995,25.00,90,1,0.002,9.4,,
188746596.53,T_capture,12,0.009,60.00,70,1,0.005,8.1,,
188746610.37,T_ir_read,28,0.008,25.00,99,1,0.008,0.0,,
188746613.53,T_motor_control,28,2.012,25.00,90,1,0.003,0.0,,
188746621.47,T_sched_monitor,18,4.387,40.00,80,1,0.557,0.0,,
188746633.14,T_infer,11,16.178,105.00,68,1,0.006,2.5,,
188746635.37,T_ir_read,29,0.008,25.00,99,1,0.008,0.0,,
188746636.16,T_motor_control,29,0.010,25.00,90,1,0.003,0.0,,
188746656.58,T_capture,13,0.015,60.00,70,1,0.011,3.4,,
188746656.95,T_sched_monitor,19,0.131,40.00,80,1,0.327,4.9,,
188746660.38,T_ir_read,30,0.009,25.00,99,1,0.008,20.0,,
188746662.91,T_motor_control,30,1.604,25.00,90,1,0.004,18.8,,
188746685.36,T_ir_read,31,0.008,25.00,99,1,0.008,6.5,,
188746688.71,T_motor_control,31,1.744,25.00,90,1,0.003,11.1,,
188746705.33,T_sched_monitor,20,8.488,40.00,80,1,0.241,7.8,,
188746710.37,T_ir_read,32,0.009,25.00,99,1,0.008,10.0,,
188746713.49,T_motor_control,32,2.029,25.00,90,1,0.004,0.0,,
188746716.50,T_capture,14,0.012,60.00,70,1,0.008,5.7,,
188746735.41,T_ir_read,33,0.013,25.00,99,1,0.011,0.0,,
188746738.19,T_motor_control,33,1.366,25.00,90,1,0.218,0.0,,
188746739.20,T_infer,12,16.557,130.00,66,1,0.064,5.3,,
188746739.92,T_sched_monitor,21,3.074,40.00,80,1,0.004,0.0,,
188746760.72,T_ir_read,34,0.008,25.00,99,1,0.009,0.0,,
188746761.41,T_motor_control,34,0.009,25.00,90,1,0.004,0.0,,
188746776.46,T_capture,15,0.007,60.00,70,1,0.005,3.8,,
188746779.40,T_sched_monitor,22,2.715,40.00,80,1,0.193,10.3,,
188746785.32,T_ir_read,35,0.005,25.00,99,1,0.003,13.6,,
188746787.76,T_motor_control,35,1.547,25.00,90,1,0.001,10.3,,
188746810.38,T_ir_read,36,0.009,25.00,99,1,0.010,3.3,,
188746813.32,T_motor_control,36,1.969,25.00,90,1,0.004,6.9,,
188746821.47,T_sched_monitor,23,4.945,40.00,80,1,0.006,4.1,,
188746835.37,T_ir_read,37,0.007,25.00,99,1,0.007,2.9,,
188746836.46,T_capture,16,0.010,60.00,70,1,0.002,2.8,,
188746838.50,T_motor_control,37,2.109,25.00,90,1,0.003,0.0,,
188746860.46,T_ir_read,38,0.009,25.00,99,1,0.007,3.1,,
188746862.95,T_sched_monitor,24,6.116,40.00,80,1,0.007,2.4,,
188746863.07,T_motor_control,38,1.857,25.00,90,1,0.002,2.7,,
188746868.40,T_infer,13,16.536,155.00,64,1,0.012,3.7,,
188746885.42,T_ir_read,39,0.012,25.00,99,1,0.013,0.0,,
188746886.20,T_motor_control,39,0.014,25.00,90,1,0.005,0.0,,
188746896.92,T_sched_monitor,25,0.190,40.00,80,1,0.016,0.0,,
188746897.24,T_capture,17,0.014,60.00,70,1,0.579,2.2,,
188746910.39,T_ir_read,40,0.012,25.00,99,1,0.010,6.1,,
188746913.47,T_motor_control,40,1.990,25.00,90,1,0.004,5.7,,
188746935.36,T_ir_read,41,0.008,25.00,99,1,0.007,22.2,,
188746938.58,T_motor_control,41,1.787,25.00,90,1,0.203,20.7,,
188746946.48,T_sched_monitor,26,9.914,40.00,80,1,0.003,13.6,,
188746956.71,T_capture,18,0.051,60.00,70,1,0.023,10.3,,
188746960.50,T_ir_read,42,0.010,25.00,99,1,0.008,6.2,,
188746962.91,T_motor_control,42,1.526,25.00,90,1,0.005,3.9,,
188746979.57,T_sched_monitor,27,3.060,40.00,80,1,0.008,4.9,,
188746985.33,T_ir_read,43,0.006,25.00,99,1,0.004,0.0,,
188746988.04,T_motor_control,43,1.631,25.00,90,1,0.002,8.3,,
188747010.36,T_ir_read,44,0.009,25.00,99,1,0.007,3.2,,
188747013.33,T_motor_control,44,1.820,25.00,90,1,0.002,0.0,,
188747016.55,T_capture,19,0.006,60.00,70,1,0.002,7.7,,
188747022.92,T_sched_monitor,28,4.962,40.00,80,1,0.006,5.7,,
188747024.26,T_infer,14,16.707,180.00,62,1,0.006,7.4,,
188747035.71,T_ir_read,45,0.010,25.00,99,1,0.011,20.5,,
188747036.33,T_motor_control,45,0.011,25.00,90,1,0.005,20.5,,
188747056.78,T_sched_monitor,29,0.099,40.00,80,1,0.010,34.9,,
188747060.51,T_ir_read,46,0.007,25.00,99,1,0.006,40.0,,
188747063.35,T_motor_control,46,1.365,25.00,90,1,0.003,54.8,,
188747076.64,T_capture,20,0.013,60.00,70,1,0.009,26.6,,
188747085.63,T_ir_read,47,0.008,25.00,99,1,0.009,28.8,,
188747087.62,T_motor_control,47,1.130,25.00,90,1,0.002,14.6,,
188747104.29,T_sched_monitor,30,7.675,40.00,80,1,0.009,28.6,,
188747110.38,T_ir_read,48,0.007,25.00,99,1,0.005,36.8,,
188747112.96,T_motor_control,48,1.496,25.00,90,1,0.002,24.1,,
188747135.36,T_ir_read,49,0.009,25.00,99,1,0.009,0.0,,
188747136.47,T_capture,21,0.010,60.00,70,1,0.003,57.1,,
188747138.02,T_motor_control,49,1.448,25.00,90,1,0.248,0.0,,
188747146.42,T_sched_monitor,31,9.825,40.00,80,1,0.006,100.0,,
188747160.40,T_ir_read,50,0.012,25.00,99,1,0.010,14.3,,
188747163.30,T_motor_control,50,1.941,25.00,90,1,0.011,14.8,,
188747179.95,T_sched_monitor,32,3.298,40.00,80,1,0.007,14.1,,
188747185.33,T_ir_read,51,0.006,25.00,99,1,0.004,9.4,,
188747188.19,T_motor_control,51,1.778,25.00,90,1,0.002,13.5,,
188747196.76,T_capture,22,0.013,60.00,70,1,0.007,12.6,,
188747203.57,T_infer,15,16.695,205.00,60,1,0.002,25.5,,
188747210.34,T_ir_read,52,0.005,25.00,99,1,0.005,8.7,,
188747211.14,T_motor_control,52,0.006,25.00,90,1,0.002,0.0,,
188747216.81,T_sched_monitor,33,0.087,40.00,80,1,0.005,7.1,,
188747235.77,T_ir_read,53,0.011,25.00,99,1,0.010,11.1,,
188747238.35,T_motor_control,53,1.767,25.00,90,1,0.006,8.6,,
188747256.50,T_capture,23,0.014,60.00,70,1,0.008,4.3,,
188747260.34,T_ir_read,54,0.006,25.00,99,1,0.006,0.0,,
188747263.13,T_sched_monitor,34,6.346,40.00,80,1,0.247,5.9,,
188747263.40,T_motor_control,54,2.073,25.00,90,1,0.003,0.0,,
188747285.36,T_ir_read,55,0.009,25.00,99,1,0.008,1.7,,
188747288.28,T_motor_control,55,1.795,25.00,90,1,0.002,1.6,,
188747305.25,T_sched_monitor,35,8.611,40.00,80,1,0.009,4.3,,
188747310.39,T_ir_read,56,0.012,25.00,99,1,0.011,18.2,,
188747313.53,T_motor_control,56,1.983,25.00,90,1,0.004,21.1,,
188747316.52,T_capture,24,0.017,60.00,70,1,0.008,5.5,,
188747335.38,T_ir_read,57,0.014,25.00,99,1,0.010,5.0,,
188747338.23,T_motor_control,57,1.545,25.00,90,1,0.205,0.0,,
188747346.59,T_sched_monitor,36,10.013,40.00,80,1,0.004,3.5,,
188747360.39,T_ir_read,58,0.011,25.00,99,1,0.009,4.8,,
188747363.35,T_motor_control,58,1.903,25.00,90,1,0.003,2.9,,
188747376.53,T_capture,25,0.019,60.00,70,1,0.009,1.6,,
188747379.55,T_sched_monitor,37,2.609,40.00,80,1,0.282,2.8,,
188747385.37,T_ir_read,59,0.010,25.00,99,1,0.008,0.0,,
188747388.07,T_motor_control,59,1.576,25.00,90,1,0.003,0.0,,
188747408.22,T_infer,16,16.317,230.00,58,1,0.005,4.1,,
188747410.39,T_ir_read,60,0.007,25.00,99,1,0.007,5.6,,
188747411.16,T_motor_control,60,0.009,25.00,90,1,0.003,5.3,,
188747416.47,T_sched_monitor,38,0.110,40.00,80,1,0.009,4.4,,
188747435.64,T_ir_read,61,0.027,25.00,99,1,0.011,17.4,,
188747436.51,T_capture,26,0.009,60.00,70,1,0.002,8.6,,
188747437.86,T_motor_control,61,1.589,25.00,90,1,0.006,21.2,,
188747460.38,T_ir_read,62,0.009,25.00,99,1,0.008,35.7,,
188747463.62,T_sched_monitor,39,6.635,40.00,80,1,0.009,25.0,,
188747463.90,T_motor_control,62,2.573,25.00,90,1,0.003,22.2,,
188747485.41,T_ir_read,63,0.013,25.00,99,1,0.013,0.0,,
188747488.57,T_motor_control,63,2.147,25.00,90,1,0.004,0.0,,
188747496.94,T_capture,27,0.020,60.00,70,1,0.092,7.4,,
188747504.89,T_sched_monitor,40,8.056,40.00,80,1,0.152,1.5,,
188747510.40,T_ir_read,64,0.012,25.00,99,1,0.011,2.5,,
188747513.40,T_motor_control,64,1.930,25.00,90,1,0.004,2.6,,
188747535.41,T_ir_read,65,0.026,25.00,99,1,0.011,4.5,,
188747538.19,T_motor_control,65,1.841,25.00,90,1,0.004,4.2,,
188747546.16,T_sched_monitor,41,9.727,40.00,80,1,0.002,3.3,,
188747556.50,T_capture,28,0.013,60.00,70,1,0.008,4.9,,
188747560.35,T_ir_read,66,0.008,25.00,99,1,0.006,4.8,,
188747562.84,T_motor_control,66,1.594,25.00,90,1,0.003,9.7,,
188747579.60,T_sched_monitor,42,3.021,40.00,80,1,0.007,6.5,,
188747585.32,T_ir_read,67,0.005,25.00,99,1,0.004,6.2,,
188747587.80,T_motor_control,67,1.550,25.00,90,1,0.002,0.0,,
188747610.35,T_ir_read,68,0.007,25.00,99,1,0.006,4.5,,
188747612.79,T_motor_control,68,1.439,25.00,90,1,0.002,4.0,,
188747616.45,T_capture,29,0.006,60.00,70,1,0.001,4.6,,
188747629.59,T_sched_monitor,43,12.709,40.00,80,1,0.004,5.5,,
188747635.37,T_ir_read,69,0.009,25.00,99,1,0.008,0.0,,
188747637.57,T_motor_control,69,1.326,25.00,90,1,0.003,0.0,,
188747638.61,T_infer,17,16.554,250.00,56,1,0.004,7.0,,
188747656.87,T_sched_monitor,44,0.162,40.00,80,1,0.191,9.5,,
188747660.38,T_ir_read,70,0.009,25.00,99,1,0.009,10.5,,
188747661.17,T_motor_control,70,0.013,25.00,90,1,0.004,9.1,,
188747676.54,T_capture,30,0.015,60.00,70,1,0.011,19.0,,
188747685.37,T_ir_read,71,0.010,25.00,99,1,0.008,7.4,,
188747688.32,T_motor_control,71,1.949,25.00,90,1,0.004,6.9,,
188747705.03,T_sched_monitor,45,8.279,40.00,80,1,0.106,3.8,,
188747710.39,T_ir_read,72,0.013,25.00,99,1,0.011,0.0,,
188747713.39,T_motor_control,72,1.889,25.00,90,1,0.004,0.0,,
188747735.49,T_ir_read,73,0.011,25.00,99,1,0.024,1.9,,
188747736.50,T_capture,31,0.013,60.00,70,1,0.003,1.1,,
188747738.50,T_motor_control,73,1.828,25.00,90,1,0.006,1.8,,
188747746.42,T_sched_monitor,46,9.487,40.00,80,1,0.230,1.4,,
188747760.42,T_ir_read,74,0.014,25.00,99,1,0.013,0.0,,
188747763.47,T_motor_control,74,1.974,25.00,90,1,0.004,0.0,,
188747779.79,T_sched_monitor,47,3.185,40.00,80,1,0.010,0.0,,
188747785.35,T_ir_read,75,0.008,25.00,99,1,0.006,4.3,,
188747788.15,T_motor_control,75,1.787,25.00,90,1,0.002,3.6,,
188747796.95,T_capture,32,0.023,60.00,70,1,0.065,1.7,,
188747810.58,T_ir_read,76,0.014,25.00,99,1,0.009,13.3,,
188747813.09,T_motor_control,76,1.807,25.00,90,1,0.005,15.6,,
188747821.91,T_sched_monitor,48,5.007,40.00,80,1,0.007,12.2,,
188747835.37,T_ir_read,77,0.008,25.00,99,1,0.007,1.7,,
188747837.82,T_motor_control,77,1.244,25.00,90,1,0.003,0.0,,
188747856.54,T_capture,33,0.013,60.00,70,1,0.047,2.5,,
188747860.35,T_ir_read,78,0.008,25.00,99,1,0.006,0.8,,
188747862.93,T_sched_monitor,49,6.348,40.00,80,1,0.009,0.6,,
188747863.16,T_motor_control,78,1.852,25.00,90,1,0.002,0.8,,
188747885.40,T_ir_read,79,0.011,25.00,99,1,0.010,0.0,,
188747888.38,T_motor_control,79,1.820,25.00,90,1,0.004,0.0,,
188747888.61,T_infer,18,16.609,240.00,56,1,0.006,2.9,,
188747896.74,T_sched_monitor,50,0.138,40.00,80,1,0.008,0.0,,
188747910.41,T_ir_read,80,0.011,25.00,99,1,0.011,3.3,,
188747911.18,T_motor_control,80,0.012,25.00,90,1,0.005,3.6,,
188747917.14,T_capture,34,0.014,60.00,70,1,0.010,3.8,,
188747935.36,T_ir_read,81,0.008,25.00,99,1,0.007,16.7,,
188747938.00,T_motor_control,81,1.554,25.00,90,1,0.003,20.0,,
188747946.61,T_sched_monitor,51,10.053,40.00,80,1,0.002,9.9,,
188747960.40,T_ir_read,82,0.011,25.00,99,1,0.011,5.9,,
188747963.82,T_motor_control,82,2.343,25.00,90,1,0.004,0.0,,
188747976.53,T_capture,35,0.018,60.00,70,1,0.010,10.0,,
188747979.69,T_sched_monitor,52,2.876,40.00,80,1,0.277,7.4,,
188747985.37,T_ir_read,83,0.009,25.00,99,1,0.007,10.0,,
188747988.18,T_motor_control,83,1.849,25.00,90,1,0.003,9.1,,
188748010.40,T_ir_read,84,0.008,25.00,99,1,0.009,3.3,,
188748013.06,T_motor_control,84,1.703,25.00,90,1,0.003,0.0,,
188748021.27,T_sched_monitor,53,4.638,40.00,80,1,0.006,4.1,,
188748035.35,T_ir_read,85,0.007,25.00,99,1,0.007,3.1,,
188748036.46,T_capture,36,0.010,60.00,70,1,0.002,3.1,,
188748037.84,T_motor_control,85,1.200,25.00,90,1,0.002,3.1,,
188748060.37,T_ir_read,86,0.009,25.00,99,1,0.003,5.1,,
188748062.62,T_sched_monitor,54,6.117,40.00,80,1,0.009,3.8,,
188748062.79,T_motor_control,86,1.551,25.00,90,1,0.002,14.6,,
188748085.37,T_ir_read,87,0.009,25.00,99,1,0.008,17.4,,
188748087.96,T_motor_control,87,1.630,25.00,90,1,0.003,0.0,,
188748097.27,T_capture,37,0.011,60.00,70,1,0.278,7.7,,
188748104.34,T_sched_monitor,55,7.947,40.00,80,1,0.006,9.1,,
188748110.37,T_ir_read,88,0.010,25.00,99,1,0.008,0.0,,
188748112.90,T_motor_control,88,1.556,25.00,90,1,0.003,0.0,,
188748128.43,T_infer,19,16.520,230.00,56,1,0.002,6.2,,
188748135.39,T_ir_read,89,0.011,25.00,99,1,0.010,0.0,,
188748136.48,T_sched_monitor,56,0.132,40.00,80,1,0.005,0.0,,
188748136.56,T_motor_control,89,0.008,25.00,90,1,0.400,0.0,,
188748156.82,T_capture,38,0.017,60.00,70,1,0.011,5.7,,
188748160.38,T_ir_read,90,0.009,25.00,99,1,0.008,8.1,,
188748163.26,T_motor_control,90,1.868,25.00,90,1,0.004,7.8,,
188748179.75,T_sched_monitor,57,3.036,40.00,80,1,0.010,11.1,,
188748185.37,T_ir_read,91,0.008,25.00,99,1,0.007,25.0,,
188748187.90,T_motor_control,91,1.547,25.00,90,1,0.003,33.3,,
188748210.48,T_ir_read,92,0.011,25.00,99,1,0.012,3.0,,
188748213.13,T_motor_control,92,1.782,25.00,90,1,0.004,0.0,,
188748216.50,T_capture,39,0.012,60.00,70,1,0.003,5.6,,
188748221.20,T_sched_monitor,58,4.742,40.00,80,1,0.007,2.8,,
188748235.37,T_ir_read,93,0.009,25.00,99,1,0.011,10.0,,
188748246.16,T_motor_control,93,9.794,25.00,90,1,0.002,5.0,,
188748260.58,T_ir_read,94,0.010,25.00,99,1,0.008,4.3,,
188748263.42,T_sched_monitor,59,6.534,40.00,80,1,0.010,4.5,,
188748263.86,T_motor_control,94,2.353,25.00,90,1,0.005,3.1,,
188748276.76,T_capture,40,0.020,60.00,70,1,0.012,5.6,,
188748285.40,T_ir_read,95,0.012,25.00,99,1,0.011,7.0,,
188748287.80,T_motor_control,95,1.318,25.00,90,1,0.004,11.5,,
188748305.12,T_sched_monitor,60,8.394,40.00,80,1,0.011,12.8,,
188748310.40,T_ir_read,96,0.011,25.00,99,1,0.010,13.6,,
188748313.04,T_motor_control,96,1.445,25.00,90,1,0.004,20.0,,
188748335.40,T_ir_read,97,0.010,25.00,99,1,0.019,6.7,,
188748336.47,T_capture,41,0.012,60.00,70,1,0.003,9.7,,
188748337.93,T_motor_control,97,1.565,25.00,90,1,0.003,0.0,,
188748346.06,T_sched_monitor,61,9.392,40.00,80,1,0.195,5.1,,
188748358.54,T_infer,20,16.632,200.00,61,1,0.006,6.9,,
188748360.45,T_ir_read,98,0.008,25.00,99,1,0.008,4.8,,
188748361.17,T_motor_control,98,0.010,25.00,90,1,0.005,4.5,,
188748376.49,T_sched_monitor,62,0.120,40.00,80,1,0.009,2.1,,
188748385.39,T_ir_read,99,0.010,25.00,99,1,0.010,0.0,,
188748387.76,T_motor_control,99,1.367,25.00,90,1,0.003,0.0,,
188748396.69,T_capture,42,0.017,60.00,70,1,0.012,1.4,,
188748410.35,T_ir_read,100,0.007,25.00,99,1,0.006,0.0,,
188748412.74,T_motor_control,100,1.336,25.00,90,1,0.003,0.0,,
188748421.12,T_sched_monitor,63,4.657,40.00,80,1,0.007,0.0,,
188748435.62,T_ir_read,101,0.006,25.00,99,1,0.006,4.3,,
188748438.45,T_motor_control,101,1.191,25.00,90,1,0.002,9.4,,
188748457.15,T_capture,43,0.022,60.00,70,1,0.033,9.4,,
188748460.70,T_ir_read,102,0.006,25.00,99,1,0.003,12.9,,
188748462.55,T_motor_control,102,1.202,25.00,90,1,0.002,12.3,,
188748462.81,T_sched_monitor,64,6.331,40.00,80,1,0.009,11.6,,
188748485.53,T_ir_read,103,0.012,25.00,99,1,0.013,20.8,,
188748488.26,T_motor_control,103,1.575,25.00,90,1,0.004,17.9,,
188748505.09,T_sched_monitor,65,8.239,40.00,80,1,0.014,11.7,,
188748510.79,T_ir_read,104,0.014,25.00,99,1,0.013,5.6,,
188748513.20,T_motor_control,104,1.401,25.00,90,1,0.007,6.2,,
188748516.75,T_capture,44,0.009,60.00,70,1,0.005,15.6,,
188748535.61,T_ir_read,105,0.012,25.00,99,1,0.014,20.0,,
188748538.77,T_sched_monitor,66,2.030,40.00,80,1,0.005,20.0,,
188748539.10,T_motor_control,105,2.484,25.00,90,1,0.209,20.0,,
188748558.58,T_infer,21,16.572,170.00,66,1,0.005,10.7,,
188748560.45,T_ir_read,106,0.008,25.00,99,1,0.008,50.0,,
188748561.24,T_motor_control,106,0.013,25.00,90,1,0.003,50.0,,
188748576.83,T_sched_monitor,67,0.155,40.00,80,1,0.014,15.0,,
188748577.13,T_capture,45,0.012,60.00,70,1,0.471,14.5,,
188748585.58,T_ir_read,107,0.012,25.00,99,1,0.012,9.3,,
188748587.71,T_motor_control,107,1.186,25.00,90,1,0.004,9.3,,
188748610.53,T_ir_read,108,0.016,25.00,99,1,0.017,20.8,,
188748613.07,T_motor_control,108,1.308,25.00,90,1,0.005,16.7,,
188748621.74,T_sched_monitor,68,4.887,40.00,80,1,0.009,14.0,,
188748635.64,T_ir_read,109,0.014,25.00,99,1,0.013,10.5,,
188748636.54,T_capture,46,0.014,60.00,70,1,0.003,12.9,,
188748637.89,T_motor_control,109,1.415,25.00,90,1,0.005,10.0,,
188748660.49,T_ir_read,110,0.010,25.00,99,1,0.005,11.1,,
188748662.76,T_sched_monitor,69,6.103,40.00,80,1,0.005,11.6,,
188748663.03,T_motor_control,110,1.677,25.00,90,1,0.004,13.0,,
188748685.52,T_ir_read,111,0.011,25.00,99,1,0.010,3.4,,
188748687.87,T_motor_control,111,1.172,25.00,90,1,0.004,13.3,,
188748696.87,T_capture,47,0.019,60.00,70,1,0.009,13.0,,
188748704.71,T_sched_monitor,70,7.342,40.00,80,1,0.620,13.0,,
188748710.38,T_ir_read,112,0.007,25.00,99,1,0.005,17.6,,
188748720.91,T_motor_control,112,9.617,25.00,90,1,0.002,13.8,,
188748728.23,T_infer,22,16.114,140.00,70,1,0.003,12.5,,
188748735.46,T_ir_read,113,0.007,25.00,99,1,0.006,23.8,,
188748736.94,T_sched_monitor,71,0.062,40.00,80,1,0.002,23.8,,
188748737.43,T_motor_control,113,0.007,25.00,90,1,0.854,7.3,,
188748756.97,T_capture,48,0.017,60.00,70,1,0.013,12.6,,
188748760.65,T_ir_read,114,0.007,25.00,99,1,0.005,7.8,,
188748762.90,T_motor_control,114,1.406,25.00,90,1,0.003,20.0,,
188748779.53,T_sched_monitor,72,2.762,40.00,80,1,0.006,11.1,,
188748785.99,T_ir_read,115,0.007,25.00,99,1,0.006,25.9,,
188748787.70,T_motor_control,115,1.285,25.00,90,1,0.002,17.1,,
188748810.87,T_ir_read,116,0.008,25.00,99,1,0.009,11.8,,
188748813.03,T_motor_control,116,1.339,25.00,90,1,0.002,40.7,,
188748816.54,T_capture,49,0.008,60.00,70,1,0.004,25.0,,
188748820.89,T_sched_monitor,73,4.067,40.00,80,1,0.265,27.0,,
188748835.62,T_ir_read,117,0.016,25.00,99,1,0.016,27.9,,
188748838.13,T_motor_control,117,1.565,25.00,90,1,0.005,13.9,,
188748860.96,T_ir_read,118,0.015,25.00,99,1,0.011,20.8,,
188748863.03,T_sched_monitor,74,6.058,40.00,80,1,0.014,11.7,,
188748864.03,T_motor_control,118,1.970,25.00,90,1,0.008,12.5,,
188748868.38,T_infer,23,16.261,110.00,70,1,0.017,17.2,,
188748876.87,T_capture,50,0.022,60.00,70,1,0.017,15.6,,
188748885.89,T_ir_read,119,0.014,25.00,99,1,0.016,8.3,,
188748886.36,T_motor_control,119,0.015,25.00,90,1,0.006,15.0,,
188748897.00,T_sched_monitor,75,0.193,40.00,80,1,0.014,17.9,,
188748910.47,T_ir_read,120,0.012,25.00,99,1,0.011,33.3,,
188748913.09,T_motor_control,120,1.554,25.00,90,1,0.005,23.5,,
188748935.44,T_ir_read,121,0.010,25.00,99,1,0.010,13.6,,
188748936.51,T_capture,51,0.010,60.00,70,1,0.002,13.9,,
188748945.93,T_motor_control,121,8.925,25.00,90,1,0.419,21.3,,
188748946.47,T_sched_monitor,76,9.705,40.00,80,1,0.003,21.4,,
188748960.69,T_ir_read,122,0.012,25.00,99,1,0.011,21.4,,
188748962.83,T_motor_control,122,1.405,25.00,90,1,0.004,9.5,,
188748978.10,T_infer,24,16.164,80.00,70,1,0.003,17.4,,
188748978.39,T_sched_monitor,77,1.915,40.00,80,1,0.008,10.8,,
188748985.49,T_ir_read,123,0.008,25.00,99,1,0.007,20.0,,
188748986.25,T_motor_control,123,0.008,25.00,90,1,0.002,19.4,,
188748996.57,T_capture,52,0.007,60.00,70,1,0.005,16.9,,
188749010.79,T_ir_read,124,0.013,25.00,99,1,0.011,7.7,,
188749012.67,T_motor_control,124,1.254,25.00,90,1,0.006,8.0,,
188749021.53,T_sched_monitor,78,4.557,40.00,80,1,0.009,14.8,,
188749035.54,T_ir_read,125,0.013,25.00,99,1,0.015,12.9,,
188749038.22,T_motor_control,125,1.627,25.00,90,1,0.004,13.1,,
188749056.78,T_capture,53,0.017,60.00,70,1,0.014,12.6,,
188749058.64,T_infer,25,16.483,60.00,70,1,0.011,13.2,,
188749059.15,T_sched_monitor,79,2.005,40.00,80,1,0.545,10.0,,
188749060.65,T_ir_read,126,0.010,25.00,99,1,0.010,10.0,,
188749061.35,T_motor_control,126,0.013,25.00,90,1,0.006,10.0,,
188749085.61,T_ir_read,127,0.015,25.00,99,1,0.017,17.5,,
188749088.18,T_motor_control,127,1.636,25.00,90,1,0.005,17.5,,
188749105.06,T_sched_monitor,80,8.112,40.00,80,1,0.014,15.0,,
188749110.67,T_ir_read,128,0.007,25.00,99,1,0.008,20.8,,
188749113.15,T_motor_control,128,1.235,25.00,90,1,0.002,17.2,,
188749116.85,T_capture,54,0.008,60.00,70,1,0.004,15.0,,
188749118.48,T_infer,26,16.249,60.00,70,1,0.014,15.0,,
188749135.73,T_ir_read,129,0.012,25.00,99,1,0.014,5.6,,
188749136.47,T_motor_control,129,0.013,25.00,90,1,0.005,6.5,,
188749136.96,T_sched_monitor,81,0.127,40.00,80,1,0.234,12.5,,
188749160.79,T_ir_read,130,0.016,25.00,99,1,0.018,16.7,,
188749163.40,T_motor_control,130,1.534,25.00,90,1,0.007,10.0,,
188749176.74,T_capture,55,0.018,60.00,70,1,0.014,13.6,,
188749178.31,T_infer,27,16.252,60.00,70,1,0.004,13.6,,
188749178.99,T_sched_monitor,82,1.668,40.00,80,1,0.514,14.9,,
188749185.58,T_ir_read,131,0.009,25.00,99,1,0.008,12.0,,
188749186.26,T_motor_control,131,0.010,25.00,90,1,0.005,33.3,,
188749210.50,T_ir_read,132,0.008,25.00,99,1,0.009,11.8,,
188749212.46,T_motor_control,132,1.110,25.00,90,1,0.005,11.8,,
188749220.44,T_sched_monitor,83,3.941,40.00,80,1,0.005,14.6,,
188749235.46,T_ir_read,133,0.007,25.00,99,1,0.007,26.3,,
188749236.55,T_capture,56,0.007,60.00,70,1,0.002,15.5,,
188749238.16,T_infer,28,16.134,60.00,70,1,0.003,15.0,,
188749238.30,T_motor_control,133,1.622,25.00,90,1,0.449,21.7,,
188749257.06,T_sched_monitor,84,0.133,40.00,80,1,0.011,6.9,,
188749260.61,T_ir_read,134,0.010,25.00,99,1,0.008,3.4,,
188749262.71,T_motor_control,134,1.146,25.00,90,1,0.005,3.7,,
188749286.01,T_ir_read,135,0.012,25.00,99,1,0.010,19.5,,
188749288.18,T_motor_control,135,1.091,25.00,90,1,0.005,19.5,,
188749297.65,T_capture,57,0.030,60.00,70,1,0.017,11.1,,
188749299.05,T_infer,29,16.640,60.00,70,1,0.009,14.4,,
188749299.78,T_sched_monitor,85,1.413,40.00,80,1,1.528,24.6,,
188749310.65,T_ir_read,136,0.017,25.00,99,1,0.018,30.0,,
188749311.39,T_motor_control,136,0.018,25.00,90,1,0.005,30.0,,
188749335.64,T_ir_read,137,0.016,25.00,99,1,0.019,24.2,,
188749338.59,T_motor_control,137,1.632,25.00,90,1,0.231,19.5,,
188749339.24,T_sched_monitor,86,2.358,40.00,80,1,0.007,17.8,,
188749357.61,T_capture,58,0.027,60.00,70,1,0.018,19.0,,
188749358.72,T_infer,30,16.382,60.00,70,1,0.010,15.4,,
188749360.51,T_ir_read,138,0.011,25.00,99,1,0.010,12.5,,
188749361.31,T_motor_control,138,0.014,25.00,90,1,0.004,15.0,,
188749376.84,T_sched_monitor,87,0.190,40.00,80,1,0.017,18.2,,
188749385.61,T_ir_read,139,0.015,25.00,99,1,0.015,20.0,,
188749388.26,T_motor_control,139,1.598,25.00,90,1,0.005,10.0,,
188749410.72,T_ir_read,140,0.012,25.00,99,1,0.010,16.0,,
188749412.64,T_motor_control,140,1.219,25.00,90,1,0.005,21.1,,
188749416.52,T_capture,59,0.008,60.00,70,1,0.004,16.9,,
188749418.17,T_infer,31,16.172,60.00,70,1,0.016,14.7,,
188749418.32,T_sched_monitor,88,1.704,40.00,80,1,0.252,9.1,,
188749435.49,T_ir_read,141,0.007,25.00,99,1,0.011,4.4,,
188749436.29,T_motor_control,141,0.007,25.00,90,1,0.002,4.9,,
188749460.72,T_ir_read,142,0.009,25.00,99,1,0.006,35.7,,
188749462.52,T_motor_control,142,1.113,25.00,90,1,0.002,35.7,,
188749462.76,T_sched_monitor,89,6.225,40.00,80,1,0.019,23.0,,
188749476.63,T_capture,60,0.014,60.00,70,1,0.012,18.4,,
188749478.18,T_infer,32,16.232,60.00,70,1,0.002,20.2,,
188749485.66,T_ir_read,143,0.009,25.00,99,1,0.010,12.5,,
188749486.27,T_motor_control,143,0.012,25.00,90,1,0.004,12.5,,
188749496.98,T_sched_monitor,90,0.163,40.00,80,1,0.013,12.5,,
188749511.06,T_ir_read,144,0.011,25.00,99,1,0.012,10.0,,
188749520.63,T_motor_control,144,8.318,25.00,90,1,0.009,17.5,,
188749536.43,T_ir_read,145,0.014,25.00,99,1,0.015,40.6,,
188749537.29,T_capture,61,0.009,60.00,70,1,0.096,22.5,,
188749538.78,T_infer,33,16.342,60.00,70,1,0.014,22.5,,
188749539.33,T_motor_control,145,2.336,25.00,90,1,0.367,40.0,,
188749539.78,T_sched_monitor,91,2.130,40.00,80,1,1.044,25.0,,
188749560.73,T_ir_read,146,0.008,25.00,99,1,0.010,14.3,,
188749562.73,T_motor_control,146,1.104,25.00,90,1,0.003,20.0,,
188749579.42,T_sched_monitor,92,2.617,40.00,80,1,0.009,28.0,,
188749585.60,T_ir_read,147,0.008,25.00,99,1,0.007,33.3,,
188749587.48,T_motor_control,147,1.034,25.00,90,1,0.003,33.3,,
188749596.68,T_capture,62,0.012,60.00,70,1,0.010,25.0,,
188749598.37,T_infer,34,16.326,60.00,70,1,0.005,23.9,,
188749610.46,T_ir_read,148,0.008,25.00,99,1,0.009,16.7,,
188749611.28,T_motor_control,148,0.007,25.00,90,1,0.002,16.7,,
188749616.52,T_sched_monitor,93,0.074,40.00,80,1,0.007,15.8,,
188749635.53,T_ir_read,149,0.008,25.00,99,1,0.007,10.5,,
188749645.53,T_motor_control,149,9.097,25.00,90,1,0.003,19.4,,
188749656.60,T_capture,63,0.007,60.00,70,1,0.005,20.3,,
188749658.18,T_infer,35,16.192,60.00,70,1,0.003,21.7,,
188749658.43,T_sched_monitor,94,1.665,40.00,80,1,0.335,23.3,,
188749660.41,T_ir_read,150,0.004,25.00,99,1,0.003,28.6,,
188749661.30,T_motor_control,150,0.007,25.00,90,1,0.004,18.8,,
188749685.45,T_ir_read,151,0.011,25.00,99,1,0.012,2.8,,
188749687.49,T_motor_control,151,1.120,25.00,90,1,0.003,3.2,,
188749704.04,T_sched_monitor,95,7.356,40.00,80,1,0.009,10.3,,
188749710.45,T_ir_read,152,0.011,25.00,99,1,0.009,13.5,,
188749712.64,T_motor_control,152,1.205,25.00,90,1,0.004,13.5,,
188749716.62,T_capture,64,0.012,60.00,70,1,0.007,9.6,,
188749718.10,T_infer,36,16.197,60.00,70,1,0.007,8.9,,
188749735.61,T_ir_read,153,0.013,25.00,99,1,0.014,7.5,,
188749736.68,T_sched_monitor,96,0.129,40.00,80,1,0.005,5.8,,
188749736.97,T_motor_control,153,0.009,25.00,90,1,0.619,7.5,,
188749760.70,T_ir_read,154,0.009,25.00,99,1,0.011,15.0,,
188749771.53,T_motor_control,154,9.828,25.00,90,1,0.004,15.0,,
188749776.66,T_capture,65,0.017,60.00,70,1,0.012,11.2,,
188749778.29,T_infer,37,16.248,60.00,70,1,0.006,11.2,,
188749778.84,T_sched_monitor,97,1.755,40.00,80,1,0.414,15.0,,
188749785.55,T_ir_read,155,0.012,25.00,99,1,0.013,15.0,,
188749786.62,T_motor_control,155,0.014,25.00,90,1,0.005,15.0,,
188749810.45,T_ir_read,156,0.008,25.00,99,1,0.009,45.0,,
188749812.46,T_motor_control,156,1.146,25.00,90,1,0.002,45.0,,
188749820.90,T_sched_monitor,98,4.153,40.00,80,1,0.005,26.7,,
188749835.63,T_ir_read,157,0.012,25.00,99,1,0.012,15.0,,
188749836.68,T_capture,66,0.008,60.00,70,1,0.002,22.5,,
188749837.78,T_motor_control,157,1.150,25.00,90,1,0.004,15.0,,
188749838.52,T_infer,38,16.450,60.00,70,1,0.004,22.5,,
188749857.07,T_sched_monitor,99,0.188,40.00,80,1,0.018,10.0,,
188749860.48,T_ir_read,158,0.009,25.00,99,1,0.008,20.0,,
188749861.40,T_motor_control,158,0.009,25.00,90,1,0.003,19.2,,
188749885.53,T_ir_read,159,0.011,25.00,99,1,0.007,8.6,,
188749896.67,T_capture,67,0.007,60.00,70,1,0.002,14.5,,
188749896.90,T_motor_control,159,10.586,25.00,90,1,0.003,11.6,,
188749898.46,T_infer,39,16.427,60.00,70,1,0.014,12.5,,
188749898.77,T_sched_monitor,100,2.225,40.00,80,1,0.009,13.3,,
188749910.61,T_ir_read,160,0.012,25.00,99,1,0.013,14.8,,
188749911.27,T_motor_control,160,0.013,25.00,90,1,0.004,11.1,,
188749935.49,T_ir_read,161,0.007,25.00,99,1,0.009,13.0,,
188749945.72,T_sched_monitor,101,9.079,40.00,80,1,0.002,15.0,,
188749945.98,T_motor_control,161,9.641,25.00,90,1,0.002,13.2,,
188749956.55,T_capture,68,0.022,60.00,70,1,0.007,12.1,,
188749958.27,T_infer,40,16.335,60.00,70,1,0.006,13.8,,
188749960.37,T_ir_read,162,0.004,25.00,99,1,0.003,12.0,,
188749961.19,T_motor_control,162,0.006,25.00,90,1,0.003,10.0,,
188749976.69,T_sched_monitor,102,0.089,40.00,80,1,0.009,10.0,,
188749985.45,T_ir_read,163,0.008,25.00,99,1,0.009,12.5,,
188749995.74,T_motor_control,163,9.231,25.00,90,1,0.004,12.5,,
188750010.60,T_ir_read,164,0.011,25.00,99,1,0.011,10.0,,
188750016.79,T_capture,69,0.012,60.00,70,1,0.010,14.5,,
188750018.84,T_infer,41,16.674,60.00,70,1,0.009,12.5,,
188750019.08,T_motor_control,164,7.762,25.00,90,1,0.004,12.5,,
188750019.55,T_sched_monitor,103,2.352,40.00,80,1,0.550,13.3,,
188750035.52,T_ir_read,165,0.011,25.00,99,1,0.013,12.5,,
188750044.77,T_motor_control,165,8.429,25.00,90,1,0.003,10.0,,
188750060.54,T_ir_read,166,0.010,25.00,99,1,0.009,15.0,,
188750063.15,T_motor_control,166,1.543,25.00,90,1,0.004,21.4,,
188750063.56,T_sched_monitor,104,6.967,40.00,80,1,0.013,16.7,,
188750076.59,T_capture,70,0.016,60.00,70,1,0.013,11.5,,
188750078.18,T_infer,42,16.242,60.00,70,1,0.008,13.3,,
188750085.43,T_ir_read,167,0.009,25.00,99,1,0.010,14.8,,
188750086.51,T_motor_control,167,0.010,25.00,90,1,0.003,5.3,,
188750097.24,T_sched_monitor,105,0.174,40.00,80,1,0.014,4.8,,
188750111.02,T_ir_read,168,0.013,25.00,99,1,0.009,13.2,,
188750116.55,T_motor_control,168,3.966,25.00,90,1,0.003,12.5,,
188750135.42,T_ir_read,169,0.007,25.00,99,1,0.006,12.1,,
188750136.54,T_capture,71,0.010,60.00,70,1,0.002,12.8,,
188750138.59,T_infer,43,16.581,60.00,70,1,0.005,12.8,,
188750138.80,T_sched_monitor,106,2.089,40.00,80,1,0.287,16.7,,
188750138.88,T_motor_control,169,2.273,25.00,90,1,0.439,12.9,,
188750160.49,T_ir_read,170,0.008,25.00,99,1,0.009,28.6,,
188750170.92,T_motor_control,170,9.390,25.00,90,1,0.002,22.2,,
188750179.58,T_sched_monitor,107,2.720,40.00,80,1,0.009,16.1,,
188750185.41,T_ir_read,171,0.009,25.00,99,1,0.005,9.8,,
188750196.83,T_capture,72,0.016,60.00,70,1,0.011,17.1,,
188750197.01,T_motor_control,171,10.770,25.00,90,1,0.002,14.5,,
188750198.38,T_infer,44,16.444,60.00,70,1,0.004,17.1,,
188750211.06,T_ir_read,172,0.007,25.00,99,1,0.008,12.5,,
188750211.85,T_motor_control,172,0.007,25.00,90,1,0.003,5.0,,
188750216.94,T_sched_monitor,108,0.185,40.00,80,1,0.015,12.5,,
188750235.77,T_ir_read,173,0.011,25.00,99,1,0.014,12.8,,
188750237.78,T_motor_control,173,1.317,25.00,90,1,0.006,12.5,,
188750256.91,T_capture,73,0.020,60.00,70,1,0.015,10.0,,
188750258.55,T_infer,45,16.517,60.00,70,1,0.009,10.0,,
188750259.06,T_sched_monitor,109,1.725,40.00,80,1,0.684,11.7,,
188750260.47,T_ir_read,174,0.009,25.00,99,1,0.006,9.5,,
188750261.27,T_motor_control,174,0.009,25.00,90,1,0.003,10.0,,
188750285.67,T_ir_read,175,0.014,25.00,99,1,0.015,15.0,,
188750287.85,T_motor_control,175,1.221,25.00,90,1,0.005,15.0,,
188750304.31,T_sched_monitor,110,7.451,40.00,80,1,0.009,15.0,,
188750310.82,T_ir_read,176,0.018,25.00,99,1,0.012,15.0,,
188750312.77,T_motor_control,176,1.194,25.00,90,1,0.008,15.0,,
188750317.07,T_capture,74,0.011,60.00,70,1,0.006,19.1,,
188750318.19,T_infer,46,16.115,60.00,70,1,0.012,19.1,,
188750335.55,T_ir_read,177,0.013,25.00,99,1,0.015,19.5,,
188750336.78,T_sched_monitor,111,0.121,40.00,80,1,0.009,19.5,,
188750337.31,T_motor_control,177,0.013,25.00,90,1,0.717,19.5,,
188750360.55,T_ir_read,178,0.013,25.00,99,1,0.018,20.0,,
188750371.26,T_motor_control,178,9.595,25.00,90,1,0.005,16.7,,
188750376.65,T_capture,75,0.015,60.00,70,1,0.010,17.6,,
188750378.15,T_infer,47,16.207,60.00,70,1,0.003,17.6,,
188750378.63,T_sched_monitor,112,1.550,40.00,80,1,0.457,22.2,,
188750385.53,T_ir_read,179,0.011,25.00,99,1,0.010,13.6,,
188750386.47,T_motor_control,179,0.011,25.00,90,1,0.004,17.6,,
188750410.55,T_ir_read,180,0.012,25.00,99,1,0.013,19.0,,
188750412.65,T_motor_control,180,1.189,25.00,90,1,0.005,16.7,,
188750420.97,T_sched_monitor,113,4.263,40.00,80,1,0.008,9.5,,
188750435.49,T_ir_read,181,0.010,25.00,99,1,0.009,11.1,,
188750436.61,T_capture,76,0.012,60.00,70,1,0.007,11.5,,
188750438.63,T_infer,48,16.672,60.00,70,1,0.003,13.2,,
188750438.73,T_motor_control,181,2.005,25.00,90,1,0.541,15.6,,
188750456.87,T_sched_monitor,114,0.149,40.00,80,1,0.013,10.7,,
188750460.56,T_ir_read,182,0.009,25.00,99,1,0.007,9.0,,
188750462.76,T_motor_control,182,1.194,25.00,90,1,0.005,6.8,,
188750485.55,T_ir_read,183,0.012,25.00,99,1,0.004,28.0,,
188750487.78,T_motor_control,183,1.064,25.00,90,1,0.003,17.5,,
188750496.65,T_capture,77,0.009,60.00,70,1,0.007,12.3,,
188750498.50,T_infer,49,16.365,60.00,70,1,0.016,11.1,,
188750498.82,T_sched_monitor,115,1.969,40.00,80,1,0.392,17.5,,
188750510.60,T_ir_read,184,0.015,25.00,99,1,0.016,5.7,,
188750511.32,T_motor_control,184,0.016,25.00,90,1,0.005,10.0,,
188750535.92,T_ir_read,185,0.008,25.00,99,1,0.009,12.2,,
188750545.88,T_sched_monitor,116,9.266,40.00,80,1,0.003,11.5,,
188750546.32,T_motor_control,185,9.610,25.00,90,1,0.200,12.2,,
188750556.76,T_capture,78,0.014,60.00,70,1,0.011,11.1,,
188750558.38,T_infer,50,16.263,60.00,70,1,0.009,11.1,,
188750560.52,T_ir_read,186,0.006,25.00,99,1,0.006,10.0,,
188750561.33,T_motor_control,186,0.008,25.00,90,1,0.003,10.0,,
188750576.80,T_sched_monitor,117,0.132,40.00,80,1,0.012,17.5,,
188750585.56,T_ir_read,187,0.011,25.00,99,1,0.012,17.5,,
188750587.64,T_motor_control,187,1.121,25.00,90,1,0.004,17.5,,
188750610.62,T_ir_read,188,0.013,25.00,99,1,0.014,12.5,,
188750616.69,T_capture,79,0.013,60.00,70,1,0.009,12.5,,
188750618.21,T_infer,51,16.285,60.00,70,1,0.015,12.5,,
188750618.48,T_sched_monitor,118,1.585,40.00,80,1,0.445,8.3,,
188750618.70,T_motor_control,188,7.407,25.00,90,1,0.006,7.5,,
188750635.69,T_ir_read,189,0.015,25.00,99,1,0.016,2.8,,
188750637.77,T_motor_control,189,1.115,25.00,90,1,0.005,5.0,,
188750660.57,T_ir_read,190,0.010,25.00,99,1,0.008,23.1,,
188750662.76,T_sched_monitor,119,5.798,40.00,80,1,0.015,14.0,,
188750670.78,T_motor_control,190,9.097,25.00,90,1,0.004,18.2,,
188750676.64,T_capture,80,0.014,60.00,70,1,0.009,13.6,,
188750678.13,T_infer,52,16.188,60.00,70,1,0.008,13.2,,
188750685.68,T_ir_read,191,0.010,25.00,99,1,0.009,7.1,,
188750686.38,T_motor_control,191,0.012,25.00,90,1,0.006,9.5,,
188750696.97,T_sched_monitor,120,0.159,40.00,80,1,0.011,25.0,,
188750710.50,T_ir_read,192,0.012,25.00,99,1,0.011,30.0,,
188750720.69,T_motor_control,192,9.226,25.00,90,1,0.004,24.4,,
188750735.56,T_ir_read,193,0.010,25.00,99,1,0.009,14.8,,
188750736.60,T_capture,81,0.010,60.00,70,1,0.002,20.0,,
188750738.95,T_infer,53,16.832,60.00,70,1,0.003,18.3,,
188750739.72,T_sched_monitor,121,2.791,40.00,80,1,0.004,11.3,,
188750739.99,T_motor_control,193,3.450,25.00,90,1,0.215,12.5,,
188750760.67,T_ir_read,194,0.013,25.00,99,1,0.013,3.7,,
188750762.52,T_motor_control,194,1.074,25.00,90,1,0.012,5.3,,
188750779.40,T_sched_monitor,122,2.540,40.00,80,1,0.013,7.9,,
188750785.55,T_ir_read,195,0.010,25.00,99,1,0.004,8.1,,
188750787.43,T_motor_control,195,1.022,25.00,90,1,0.003,8.1,,
188750797.34,T_capture,82,0.021,60.00,70,1,0.015,8.8,,
188750798.72,T_infer,54,16.397,60.00,70,1,0.004,12.2,,
188750810.71,T_ir_read,196,0.013,25.00,99,1,0.015,25.0,,
188750811.37,T_motor_control,196,0.015,25.00,90,1,0.006,25.0,,
188750816.82,T_sched_monitor,123,0.130,40.00,80,1,0.010,14.5,,
188750835.60,T_ir_read,197,0.012,25.00,99,1,0.014,15.0,,
188750846.09,T_motor_control,197,9.080,25.00,90,1,0.004,13.3,,
188750857.20,T_capture,83,0.019,60.00,70,1,0.065,14.1,,
188750858.48,T_infer,55,16.381,60.00,70,1,0.010,11.3,,
188750858.87,T_sched_monitor,124,2.329,40.00,80,1,0.018,10.0,,
188750860.54,T_ir_read,198,0.010,25.00,99,1,0.009,20.0,,
188750861.74,T_motor_control,198,0.012,25.00,90,1,0.004,50.0,,
188750885.63,T_ir_read,199,0.015,25.00,99,1,0.017,5.7,,
188750896.97,T_motor_control,199,10.302,25.00,90,1,0.005,7.4,,
188750904.00,T_sched_monitor,125,7.415,40.00,80,1,0.016,11.7,,
188750910.46,T_ir_read,200,0.009,25.00,99,1,0.009,16.0,,
188750916.59,T_capture,84,0.011,60.00,70,1,0.007,11.2,,
188750918.06,T_infer,56,16.166,60.00,70,1,0.006,11.2,,
188750918.23,T_motor_control,200,6.963,25.00,90,1,0.002,10.0,,
188750935.58,T_ir_read,201,0.012,25.00,99,1,0.012,11.1,,
188750936.67,T_sched_monitor,126,0.102,40.00,80,1,0.003,14.6,,
188750937.48,T_motor_control,201,1.065,25.00,90,1,0.004,19.0,,
188750960.72,T_ir_read,202,0.013,25.00,99,1,0.015,35.0,,
188750962.55,T_motor_control,202,1.127,25.00,90,1,0.005,35.0,,
188750976.78,T_capture,85,0.016,60.00,70,1,0.011,18.8,,
188750978.36,T_infer,57,16.233,70.00,70,1,0.009,18.8,,
188750978.95,T_sched_monitor,127,1.719,40.00,80,1,0.532,18.6,,
188750985.49,T_ir_read,203,0.008,25.00,99,1,0.008,15.2,,
188750986.28,T_motor_control,203,0.007,25.00,90,1,0.002,14.7,,
188751010.50,T_ir_read,204,0.011,25.00,99,1,0.013,10.9,,
188751020.96,T_sched_monitor,128,4.327,40.00,80,1,0.007,18.5,,
188751021.42,T_motor_control,204,9.943,25.00,90,1,0.005,14.8,,
188751035.54,T_ir_read,205,0.011,25.00,99,1,0.008,22.7,,
188751036.72,T_capture,86,0.010,60.00,70,1,0.003,19.0,,
188751037.81,T_motor_control,205,1.100,25.00,90,1,0.003,20.0,,
188751048.37,T_infer,58,16.418,80.00,70,1,0.006,19.2,,
188751056.61,T_sched_monitor,129,0.112,40.00,80,1,0.014,14.5,,
188751060.57,T_ir_read,206,0.008,25.00,99,1,0.005,5.0,,
188751061.29,T_motor_control,206,0.010,25.00,90,1,0.003,5.0,,
188751085.61,T_ir_read,207,0.016,25.00,99,1,0.016,15.0,,
188751088.19,T_motor_control,207,1.297,25.00,90,1,0.005,15.0,,
188751096.84,T_capture,87,0.017,60.00,70,1,0.004,11.2,,
188751104.54,T_sched_monitor,130,7.397,40.00,80,1,0.015,13.3,,
188751110.61,T_ir_read,208,0.014,25.00,99,1,0.013,24.0,,
188751121.91,T_motor_control,208,10.063,25.00,90,1,0.008,14.6,,
188751129.16,T_infer,59,16.577,105.00,68,1,0.004,12.8,,
188751135.58,T_ir_read,209,0.012,25.00,99,1,0.013,8.3,,
188751136.33,T_motor_control,209,0.012,25.00,90,1,0.004,15.0,,
188751136.81,T_sched_monitor,131,0.116,40.00,80,1,0.069,17.1,,
188751157.02,T_capture,88,0.023,60.00,70,1,0.018,21.2,,
188751160.67,T_ir_read,210,0.014,25.00,99,1,0.011,17.5,,
188751171.33,T_motor_control,210,9.331,25.00,90,1,0.005,17.5,,
188751179.23,T_sched_monitor,132,2.270,40.00,80,1,0.010,19.0,,
188751185.59,T_ir_read,211,0.012,25.00,99,1,0.010,20.0,,
188751195.82,T_motor_control,211,9.150,25.00,90,1,0.004,20.0,,
188751210.54,T_ir_read,212,0.013,25.00,99,1,0.015,23.5,,
188751212.60,T_motor_control,212,1.050,25.00,90,1,0.005,28.6,,
188751216.59,T_capture,89,0.016,60.00,70,1,0.009,15.8,,
188751221.10,T_sched_monitor,133,3.996,40.00,80,1,0.329,17.6,,
188751233.61,T_infer,60,16.473,130.00,66,1,0.002,16.5,,
188751235.97,T_ir_read,213,0.010,25.00,99,1,0.007,13.9,,
188751236.61,T_motor_control,213,0.013,25.00,90,1,0.004,13.9,,
188751257.02,T_sched_monitor,134,0.304,40.00,80,1,0.014,12.5,,
188751260.52,T_ir_read,214,0.012,25.00,99,1,0.010,5.3,,
188751270.96,T_motor_control,214,9.503,25.00,90,1,0.005,16.7,,
188751276.59,T_capture,90,0.015,60.00,70,1,0.009,15.5,,
188751285.41,T_ir_read,215,0.007,25.00,99,1,0.006,24.1,,
188751296.49,T_motor_control,215,10.218,25.00,90,1,0.002,5.7,,
188751303.99,T_sched_monitor,135,7.363,40.00,80,1,0.008,12.5,,
188751310.65,T_ir_read,216,0.007,25.00,99,1,0.006,4.7,,
188751320.39,T_motor_control,216,9.043,25.00,90,1,0.002,20.0,,
188751335.49,T_ir_read,217,0.010,25.00,99,1,0.011,22.0,,
188751336.84,T_capture,91,0.010,60.00,70,1,0.002,14.4,,
188751345.75,T_sched_monitor,136,8.884,40.00,80,1,0.004,19.7,,
188751346.40,T_motor_control,217,8.927,25.00,90,1,0.771,14.6,,
188751360.89,T_ir_read,218,0.016,25.00,99,1,0.019,28.0,,
188751363.93,T_infer,61,16.572,155.00,64,1,0.006,17.5,,
188751364.60,T_motor_control,218,2.860,25.00,90,1,0.006,20.0,,
188751376.81,T_sched_monitor,137,0.156,40.00,80,1,0.014,25.0,,
188751385.69,T_ir_read,219,0.012,25.00,99,1,0.014,5.7,,
188751397.11,T_capture,92,0.022,60.00,70,1,0.016,13.8,,
188751404.46,T_motor_control,219,17.589,25.00,90,1,0.006,10.0,,
188751410.57,T_ir_read,220,0.015,25.00,99,1,0.012,12.5,,
188751412.70,T_motor_control,220,1.103,25.00,90,1,0.005,15.0,,
188751420.80,T_sched_monitor,138,4.059,40.00,80,1,0.010,8.9,,
188751435.66,T_ir_read,221,0.013,25.00,99,1,0.014,20.0,,
188751437.57,T_motor_control,221,1.054,25.00,90,1,0.004,20.0,,
188751456.64,T_capture,93,0.021,60.00,70,1,0.014,25.0,,
188751460.43,T_ir_read,222,0.010,25.00,99,1,0.004,35.7,,
188751462.56,T_sched_monitor,139,5.338,40.00,80,1,0.395,29.2,,
188751463.27,T_motor_control,222,1.502,25.00,90,1,0.003,35.7,,
188751485.43,T_ir_read,223,0.008,25.00,99,1,0.009,17.4,,
188751503.04,T_sched_monitor,140,6.529,40.00,80,1,0.007,17.6,,
188751503.41,T_motor_control,223,16.950,25.00,90,1,0.005,17.6,,
188751510.50,T_ir_read,224,0.006,25.00,99,1,0.006,9.5,,
188751516.51,T_capture,94,0.007,60.00,70,1,0.005,8.7,,
188751518.37,T_infer,62,16.483,180.00,62,1,0.005,13.8,,
188751518.45,T_motor_control,224,7.270,25.00,90,1,0.002,3.4,,
188751535.65,T_ir_read,225,0.012,25.00,99,1,0.013,5.9,,
188751536.59,T_sched_monitor,141,0.111,40.00,80,1,0.002,5.1,,
188751537.41,T_motor_control,225,1.042,25.00,90,1,0.004,10.0,,
188751560.64,T_ir_read,226,0.013,25.00,99,1,0.014,14.3,,
188751563.17,T_motor_control,226,1.128,25.00,90,1,0.008,25.0,,
188751576.97,T_capture,95,0.025,60.00,70,1,0.016,19.7,,
188751585.72,T_ir_read,227,0.014,25.00,99,1,0.014,22.5,,
188751587.41,T_sched_monitor,142,9.860,40.00,80,1,0.745,19.7,,
188751588.19,T_motor_control,227,1.359,25.00,90,1,0.006,16.2,,
188751610.70,T_ir_read,228,0.013,25.00,99,1,0.015,20.8,,
188751621.04,T_sched_monitor,143,3.979,40.00,80,1,0.011,12.5,,
188751621.70,T_motor_control,228,9.992,25.00,90,1,0.005,12.5,,
188751635.61,T_ir_read,229,0.014,25.00,99,1,0.016,5.6,,
188751636.78,T_capture,96,0.017,60.00,70,1,0.004,11.2,,
188751645.92,T_motor_control,229,8.465,25.00,90,1,0.706,14.3,,
188751661.03,T_ir_read,230,0.013,25.00,99,1,0.013,23.5,,
188751665.16,T_sched_monitor,144,7.776,40.00,80,1,0.009,18.2,,
188751665.64,T_motor_control,230,4.079,25.00,90,1,0.003,18.2,,
188751685.42,T_ir_read,231,0.008,25.00,99,1,0.003,7.4,,
188751696.54,T_capture,97,0.007,60.00,70,1,0.002,14.8,,
188751698.32,T_infer,63,16.355,205.00,60,1,0.013,14.9,,
188751698.66,T_sched_monitor,145,2.151,40.00,80,1,0.008,8.7,,
188751698.81,T_motor_control,231,12.596,25.00,90,1,0.002,10.0,,
188751710.49,T_ir_read,232,0.014,25.00,99,1,0.015,10.0,,
188751721.15,T_motor_control,232,9.641,25.00,90,1,0.004,11.5,,
188751735.63,T_ir_read,233,0.015,25.00,99,1,0.016,22.2,,
188751745.45,T_motor_control,233,9.027,25.00,90,1,0.014,18.8,,
188751745.65,T_sched_monitor,146,9.187,40.00,80,1,0.006,14.3,,
188751756.57,T_capture,98,0.011,60.00,70,1,0.006,14.3,,
188751760.38,T_ir_read,234,0.005,25.00,99,1,0.005,4.8,,
188751770.42,T_motor_control,234,8.935,25.00,90,1,0.003,8.3,,
188751778.66,T_sched_monitor,147,2.132,40.00,80,1,0.004,8.3,,
188751785.49,T_ir_read,235,0.007,25.00,99,1,0.008,10.0,,
188751795.59,T_motor_control,235,9.020,25.00,90,1,0.003,6.7,,
188751811.04,T_ir_read,236,0.012,25.00,99,1,0.013,10.0,,
188751816.67,T_capture,99,0.016,60.00,70,1,0.009,9.6,,
188751820.55,T_motor_control,236,9.016,25.00,90,1,0.005,15.0,,
188751820.97,T_sched_monitor,148,3.890,40.00,80,1,0.418,11.4,,
188751835.63,T_ir_read,237,0.014,25.00,99,1,0.016,15.0,,
188751845.73,T_motor_control,237,9.051,25.00,90,1,0.005,15.4,,
188751860.70,T_ir_read,238,0.014,25.00,99,1,0.012,20.8,,
188751862.42,T_sched_monitor,149,5.567,40.00,80,1,0.018,14.6,,
188751871.13,T_motor_control,238,9.363,25.00,90,1,0.007,8.8,,
188751876.73,T_capture,100,0.021,60.00,70,1,0.012,15.6,,
188751885.54,T_ir_read,239,0.014,25.00,99,1,0.014,8.3,,
188751887.91,T_motor_control,239,1.198,25.00,90,1,0.004,15.0,,
188751904.13,T_infer,64,16.602,230.00,58,1,0.011,11.5,,
188751905.06,T_sched_monitor,150,8.083,40.00,80,1,0.014,9.6,,
188751910.72,T_ir_read,240,0.013,25.00,99,1,0.013,34.5,,
188751911.38,T_motor_control,240,0.016,25.00,90,1,0.006,34.5,,
188751935.56,T_ir_read,241,0.015,25.00,99,1,0.017,15.2,,
188751936.77,T_capture,101,0.015,60.00,70,1,0.006,19.2,,
188751945.95,T_motor_control,241,8.644,25.00,90,1,0.800,23.8,,
188751946.44,T_sched_monitor,151,9.117,40.00,80,1,0.684,35.3,,
